NDB_No,Shrt_Desc,Water,Energ_Kcal,Protein,Lipid_Tot,Ash,Carbohydrt,Fiber_TD,Sugar_Tot,Calcium,Iron,Magnesium,Phosphorus,Potassium,Sodium,ZInc,Copper,Manganese,Selenium,Vit_C,Thiamin,Ribolfavin,Niacin,Panto_Acid,Vit_B6,Folate_Tot,Folic_Acid,Food_Folate,Folate_DFE,Choline_Tot,Vit_B12,Vit_A_IU,Vit_A_RAE,Retinol,Alpha_Carot,Beta_Carot,Beta_Crypt,Lycopene,Lut+Zea,Vit_E,Vit_K,FA_SAt,FA_Mono,FA_Poly,Cholestrl,GmWt_1,GmWt_Desc1,GmWt_2,GmWt_Desc2,Refuse_Pct
01001,"MILK,RED FAT,,0.85,12,2.11,0.06,0,0.059999999,24,0.11,0.39,422,24,576,102,161,0.003,,0,0,0.034,1,0,0.141,0,0,3,3,19,0,414,107,89,0,13,0,0,0,,,4.591,3.5685000000000002,0.546,9,227,1,976,1 top,0
01002,"CHEESE,WHIPPED,,54.255,0.85,12,2.11,0.06,0,,0.25,11,422,161,26,89,161,0.03,0.004,0.004,0,0.005,0.034,,0,0,0.04,0,3,3,0,,,107,89,0,0,0,0,0,,1.1,4.591,1.431,0.546,9,244,1,1 fl oz,1
01003,"DESSERT TOPPING,WHL,,0.28,12,0,0,0,0,4,0.11,125,806,526,2,968,0.024,0.004,3.1,0,0.04,0.005,1,0,0,0,0,0,0,,5,414,107,89,0,13,0,0,0,,,4.591,3.5685000000000002,0.546,0.85,,1,976,1 top,0
01004,"CHEESE,PAST PROCESS,,21.4,28.74,5.11,2.34,0,0.5,4.454999923500001,0.39,13,19,13,141,1280,0.024,,14.5,0,0.036,0.382,0.105,0.3935,0.045,8,0,8,8,15,,414,,192,0,61,0,0,0,,,0.7835000000000001,7.778,0.43,6,227,1,976,1 top,0
01005,"CHEESE,PAST PROCESS,,23.24,29.68,3.18,2.79,0,0.50999999,4.454999923500001,0.03,13,19,161,560,1.64,0.024,0.004,14.5,0,0,0.351,1,,0.045,0.26,0,20,5,15,,15,0,286,0,,0,0,0,,,0.7835000000000001,8.598,0.43,0.85,132,1,976,1 quart,1
01006,"CHEESE,WHOLE,,20.75,27.68,2.7,0.45,0,0.449999988,184,0.05,7,13,526,629,968,0.019,0.003,14.5,0,0,0.52,1,0.04,0.045,0.26,0,10,10,15,5,,0,173,0,9,0,0,0,,,0.7835000000000001,8.013,0.43,9,,1,980,1 quart,1
01007,"CHEESE,PAST PROCESS,,19.8,24.26,3.68,0.46,0,0.460000008,4.454999923500001,0.03,7,19,161,141,968,0.021,,14.5,0,0,0.488,0.105,0.163,0.045,0.26,0,10,10,15,5,363,,240,0,,0,0,0,,,15.259,7.023,0.43,9,246,1,1 cup,1 oz,0
01008,"CHEESE,PAST PROCESS,,25.18,29.2,3.28,3.06,0,,4.454999923500001,0.11,16.5,19,161,141,968,0.024,0.004,14.5,0,0.04,0.45,0,0.065,0.045,0.26,0,18,18,5,,15,,262,1190,,0,,,,,0.7835000000000001,8.275,0.43,9,,1,976,1 quart,0
01009,"CHEESE,PAST PROCESS,,24.9,33.14,3.93,1.28,0,0.519999981,4.454999923500001,0.11,16.5,19,161,621,968,0.019,0.01,14.5,0,0,0.375,1,,0.045,0.26,0,18,18,16,,15,,258,0,,0,0,0,,,0.7835000000000001,9.391,0.43,0.85,132,1,976,1 quart,1
01010,"CHEESE,PAST PROCESS,,23.37,30.6,3.6,4.78,0,,4.454999923500001,0.11,11,19,161,141,1280,0.016,,14.5,0,0.04,0.293,0,0.065,0.045,0.26,0,18,18,,,15,,220,0,,0,,,,,0.7835000000000001,8.671,0.43,9,,1,976,1 fly oz,0
01011,"CHEESE,PAST PROCESS,,23.76,32.11,3.36,2.57,0,0.519999981,4.454999923500001,0.11,16.5,19,161,604,966,0.019,0.01,14.5,0,0,0.375,0,,0.045,0.26,0,18,18,15,,15,,257,0,,0,0,0,,,0.7835000000000001,9.28,0.43,9,132,1,976,1 quart,1
01012,"CHEESE,COTTAGE,,79.79,98,11.12,4.3,1.41,3.38,0,0.25,91,222,7,159,104,1.97,3.19,330,0.002,2.5,0,0.027,0,0,0,0,12,0,12,12,,,140,37,36,0,,0,0,0,,0,0.43,0.778,244,0,244,1 cup,980
01013,"CHEESE,COTTAGE,,79.64,97,10.69,3.85,1.2,4.61,0,0.25,91,222,7,113,90,1.97,3.19,0.016,0.003,0.024,0,0,0,0,0,0,11,0,11,11,,,146,38,37,0,,0,0,0,0.04,0.4,0.43,1.036,244,0,244,"1 cup,980
01014,"CHEESE,COTTAGE,,COMM,PROT FORT,6.81,4.11,10.34,0.29,,33,0,422,86,842,11,161,0.03,0.08,1.9,0.002,0.003,0.088,0,0,0,0,0,0,9,0,,,18,204,8,2,0,0,0,0,0,0,1.431,0,244,1 cup,1 cup,1 cup,
01015,"CHEESE,COTTAGE,,80.69,86,11.83,2.45,1.36,3.66,0,0.25,91,222,7,163,84,1.97,3.19,0.03,2.5,2.5,0,0.041,0,0,0,0,10,0,10,10,16,,74,20,19,0,,0,0,0,0.04,0,0.43,0.443,244,0,244,"1 cup,980
01016,"CHEESE,COTTAGE,,82.48,72,12.39,1.02,1.39,2.72,0,0.25,0.39,806,10,134,86,1.97,3.19,330,0.003,0.024,0,1,0,0,0,0,12,0,12,12,,,41,11,11,0,0,0,0,0,0.01,0.1,0.43,0.291,244,1 cup,244,"1 cup,980
01017,"CHEESE,RED FAT,,5.93,34.24,1.32,4.07,0,3.210000038,98,0.03,13,10,161,321,1280,0.019,0.011,3.1,0,0.02,0.125,1,0.04,0.04,0.26,0,11,11,,,15,,359,0,,0,0,0,,,0.7835000000000001,8.62,0.999,9,244,1,1 cup,1 top,0
01018,"CHEESE,PAST PROCESS,,24.99,27.8,4.22,1.43,0,1.429999948,4.454999923500001,0.11,11,19,161,141,968,0.024,0.011,14.5,0,0,0.389,0,0,0.045,8,0,8,8,15,5,,,242,0,11,0,0,0,,,0.7835000000000001,8.125,0.43,0.85,,1,976,"1 package,
01019,"CHEESE,PAST PROCESS,,14.21,21.28,5.2,4.09,0,4.090000153,4.454999923500001,0.05,125,19,161,141,968,0.021,,14.5,0,0.039,0.279,0.105,0.163,0.053,8,0,10,10,15,,414,,125,0,3,0,0,0,,,14.946,4.623,0.43,0.85,246,1,976,1 quart,1
01020,"CHEESE,PAST PROCESS,,25.6,31.14,3.79,1.55,0,1.549999952,4.454999923500001,0.03,16.5,19,161,141,966,0.016,0.01,14.5,0,0,0.204,0,0.04,0.045,0,0,6,6,15,5,,,258,0,61,0,0,0,,,0.7835000000000001,8.687,0.43,9,132,1,976,1 quart,1
01021,"CHEESE,PAST PROCESS,,9.65,29.51,4.75,4.97,0,1.145,4.454999923500001,0.11,905,19,161,600,968,364,0.008,14.5,0,0.039,0.279,0.105,0.3935,0.053,0,0,5,5,6,,15,,334,,2,0,,,,,0.7835000000000001,7.879,0.43,0.85,227,1,227,"1 package,
01022,"CHEESE,MOZZARELLA,,24.94,27.44,3.94,2.22,0,2.220000029,4.454999923500001,0,16.5,19,161,141,968,0.024,0.011,14.5,0,0,0.334,0,0,0.045,8,0,8,11,15,5,,,164,0,,0,0,0,,,0.7835000000000001,7.747,0.43,6,244,1,976,"1 package,
01023,"CHEESE,PAST PROCESS,,29.81,32.34,4.3,0.36,0,0.360000014,4.454999923500001,0.11,7,19,161,336,968,0.03,0.01,14.5,0,0,0.279,0,,0.045,0.26,0,10,10,15,,,,268,0,,0,0,0,,,0.7835000000000001,10.043,0.43,9,132,1,976,1 fly oz,1
01024,"CHEESE,PAST PROCESS,,20.05,27.25,3.79,0.49,0,0.49000001,4.454999923500001,0,5,19,161,141,1280,0.021,0.01,14.5,0,0,0.503,1,0.163,0.045,0.26,0,10,10,15,,15,,339,0,,0,0,0,,,16.746,8.606,0.43,9,244,1,1 cup,1 oz,0
01025,"CHEESE,PAST PROCESS,,24.48,30.28,3.55,0.68,0,0.5,4.454999923500001,0.03,16.5,19,13,536,3,0.03,0.011,14.5,0,0,0.39,0,,0.045,0.26,0,18,18,15,5,,,192,0,,0,0,0,,,0.7835000000000001,8.751,0.43,0.85,132,1,980,1 quart,1
01026,"CHEESE,MOZZARELLA,,54.255,22.17,22.35,3.28,2.19,0,661,0.560000002,11,7,161,76,89,161,0.011,0.003,0.004,0,0.03,1,,0.141,0,0.04,0,7,7,15,,18,179,174,0,,0,0,0,,2.3,13.152,1.431,0.765,9,227,1,1 fl oz,1
01027,"CHEESE,MOZZARELLA,,48.38,27.095,21.6,24.64,2.91,2.47,0,0.25,11,422,7,412,75,1.97,,0.021,0.003,0.024,0,0,0,0,0,0,8,0,8,8,15,,93.5,197,192,0,,0,0,0,0.01,2.5,0.8365,7.027,,1 cup,244,1 oz,980
01028,"CHEESE,MOZZARELLA,,54.255,24.26,15.92,3.27,2.77,0,,0.560000002,11,422,86,84,89,161,548,0.01,0.004,0,0,1,0.105,0,0.045,0.04,0,0,9,15,,,127,124,0,,0,0,0,,,10.114,1.431,0.472,9,244,1,1 fl oz,1
01029,"CHEESE,MOZZARELLA,,46.46,27.095,25.96,20.03,3.72,3.83,0,0.25,11,422,143,524,95,1.97,0.03,0.003,0.011,0.024,0,0,0,0,0,0,10,0,10,10,0,,517,137,133,0,,0,0,0,0.01,,0.8365,5.73,,9,976,"1 cup,976
01030,"CHEESE,PAST PROCESS,,23.41,30.04,3.66,1.12,0,1.120000005,4.454999923500001,0.11,13,19,161,628,1280,0.019,0.01,14.5,0,0,0.32,1,,0.045,0.26,0,12,12,15,,15,,297,0,,0,0,0,,,0.7835000000000001,8.711,0.43,9,132,1,976,1 quart,1
01031,"CHEESE,WHOLE,,9.15,22.78,1.37,3.59,0,3.190000057,117,0,10,10,161,334,968,5.82,0.011,3.1,0,0,0.155,1,0.04,0.04,0.26,0,10,12,5,5,,,239,0,357,0,0,,,,12.79,5.784,0.43,9,,1,980,"1 package,
01032,"CHEESE,PARMESAN,,54.255,38.46,28.61,8.03,4.06,0,125,0.560000002,13,5,86,125,89,0.041,0.03,14.5,0.004,0,0.029,0.088,,0.141,0.045,0.04,0,10,10,15,,,120,117,0,0,0,0,0,,,17.301,0.43,1.173,6,246,1,1 fl oz,1
01033,"CHEESE,PARMESAN,,54.255,35.75,25.83,6.04,3.22,0,,0.560000002,11,5,86,92,158,0.03,0.017,14.5,0.004,0,0,0,0.039,0.141,0.045,0.04,0,7,7,15,,,108,106,0,,0,0,0,,1.7,16.41,1.431,0.569,6,132,1,1 fl oz,1
01034,"CHEESE,MOZZARELLA,,23.78,28.2,2,0.57,0,0.569999993,4.454999923500001,0.03,13,19,161,534,968,0.021,0.011,14.5,0,0,0.24,1,,0.045,0.26,0,18,18,15,,15,,313,0,61,0,0,0,,,16.691,9.338,0.43,9,132,1,980,1 quart,1
01035,"CHEESE,PAST PROCESS,,25.58,26.62,4.71,2.14,0,0.560000002,4.454999923500001,0.11,16.5,19,161,141,968,0.024,0.01,14.5,0,0,0.321,0,0,0.045,0.26,0,10,10,15,5,,,230,0,,0,0,0,,,0.7835000000000001,7.393,0.43,9,132,1,976,1 quart,1
01036,"CHEESE,RICOTTA,,174,11.26,12.98,1.02,3.04,0,,0.560000002,16.5,422,161,105,84,1.18,0.03,,0.004,0,0,0.03,0,0,0.04,0.04,0,12,12,,,,120,117,0,,0,0,0,,,8.295,1.431,0.385,9,246,1,1 fl oz,1
01037,"CHEESE,RICOTTA,,138,11.39,7.91,1.15,5.14,0,,0.560000002,0.39,806,161,125,125,161,0.01,0.01,0.002,0,0.021,0.03,0,0,0,0,0,10,,,,,107,105,0,,0,0,0,,0.7,4.927,1.431,0.26,0,246,1,1 cup,1
01038,"CHEESE,PAST PROCESS,,31.8,26.94,6.72,3.63,0,0.730000019,4.454999923500001,0.11,125,19,86,141,968,0.03,,14.5,0,0.036,0.37,0,,0.045,0,0,7,7,15,,,,90,0,0,0,0,0,,,0.7835000000000001,7.838,0.43,6,246,1,980,1 quart,
01039,"CHEESE,PAST PROCESS,,21.54,30.64,6.44,2,0,1.145,4.454999923500001,0.11,11,19,161,158,968,5.82,0.003,14.5,0,0.04,0.586,0.105,0.3935,0.045,0.26,0,10,10,,,15,,290,0,357,0,,,,,0.7835000000000001,8.474,0.43,6,132,1,980,"1 package,
01040,"CHEESE,PAST PROCESS,,26.93,27.8,2.77,5.38,0,1.320000052,4.454999923500001,0.11,7,19,161,192,968,0.01,0.01,14.5,0,0,0.296,0,,0.045,0,0,6,6,16,5,,,214,0,,0,0,0,,,0.7835000000000001,7.274,0.43,9,132,1,980,1 fly oz,1
01041,"CHEESE,PAST PROCESS,,24.41,25.98,4.87,1.88,0,,4.454999923500001,0.11,13,19,161,141,968,0.024,,14.5,0,0.04,0.359,0,0.065,0.045,0.26,0,20,7,5,,15,,236,1190,357,0,,,,,16.775,7.136,0.43,9,,1,980,"1 package,
01042,"CHEESE,PAST PROCESS,,39.16,27.095,22.15,4.11,5.84,1.6,0,0.39,11,422,400,513,169,1.97,0.03,0.016,0,0.024,0,0.027,0,0,0.2,0,8,0,8,8,36,,93.5,254,247,0,,0,0,0,0.27,2.7,0.8365,8.951,,1 cup,976,"1 cup,976
01043,"CHEESE,PAST PROCESS,,54.255,22.13,31.2,5.84,1.73,0,125,0.560000002,13,422,86,162,89,161,,0.003,0.004,0,0.027,1,,0.08499999999999999,0.045,0.04,0,8,8,5,414,18,248,235,0,0,0,0,0,,,19.663,0.8365,0.988,227,1 cup,1,1 fl oz,1
01044,"CHEESE,PAST PROCESS,,42.31,27.095,24.73,25.01,5.85,2.1,0,0.39,11,422,29,141,216,1.97,0.03,2,0,0.024,0,0.105,0,0.141,0.259,0,6,0,6,,36,,93.5,198,192,0,,0,0,0,0.01,,0.8365,7.046,,6,976,"1 cup,980
01045,"CHEESE fed,COLD ok,,54.255,19.66,24.46,4.44,8.32,0,125,0.560000002,13,422,86,363,89,0.041,0.03,0.01,0.004,0,0.03,0.088,,0.08499999999999999,0.045,0.04,0,5,5,,,18,159,148,,,,,,,,15.355,,0.719,6,246,1,1 fl oz,1
01046,"CHEESE fed,PAST PROCESS,,43.21,27.095,18.4,25.18,5.38,7.83,0,0.39,11,422,7,439,291,1.97,0.03,0.021,0,0.024,0,0.041,0,0,0.259,0,7,0,7,7,36,,93.5,201,196,0,,0,0,0,0.01,,0.8365,7.214,,6,976,1 cup,
01047,"CHEESE fed,PAST PROCESS,,54.255,21.92,24.14,5.77,4.5,0,0,0.560000002,125,422,86,284,158,1.18,0.03,0.01,0.004,0,0.014,0.03,0.039,0.08499999999999999,0.045,0.04,0,6,6,,,18,237,233,0,,,,,,,15.487,0.43,0.6,6,132,1,1 cup,1
01048,"CHEESE sped,PAST PROCESS,,47.65,27.095,16.41,21.23,5.98,8.73,0,0.39,11,422,29,141,242,1.97,158,2,0,0.024,0,1,0,0,0.259,0,7,0,7,7,36,,653,173,168,0,,0,0,0,0.01,1.8,0.8365,6.219,,6,976,"1 cup,980
01049,"CREAM,FLUID,,130,2.96,11.5,0.67,4.3,0,,0.560000002,0.39,10,161,130,41,161,0.01,0.001,2,0,0,0.03,0,0,0.04,0.04,0,3,3,,,,97,95,0,,0,0,0,,,7.158,1.431,0.427,0,244,1,1 cup,1
01050,"CREAM,FLUID,,195,2.7,19.31,0.58,3.66,0,,0.560000002,0.39,806,161,122,40,161,0.01,0.001,2,0,0,1,0,0,0.04,0.04,0,2,2,0,,18,181,178,0,,0,0,0,,1.7,12.02,0.43,0.717,9,1 cup,1,1 cup,1
01052,"CREAM,FLUID,,54.255,2.17,30.91,0.46,2.96,0,,0.560000002,16.5,7,161,97,34,1.18,0.01,0.001,0.004,0,0.033,1,0,0,0.04,0.04,0,4,4,,,18,279,274,0,,0,0,0,,2.7,19.337,0.8365,0.884,9,1 cup,1,1 fl oz,1
01053,"CREAM,FLUID,,54.255,2.05,37,0.45,2.79,0,0,0.560000002,16.5,7,161,75,38,1.18,0.01,0.001,0.011,0,0,1,0.039,0,0.04,0.04,0,4,4,0,,18,411,26,0,,0,0,0,,2.55,2.635,0.8365,1.374,9,1 cup,1,1 fl oz,1
01054,"CREAM,WHIPPED,,61.33,27.095,3.2,22.22,0.76,1.145,0,5.52,16.5,422,11,89,147,1.18,0.01,0.01,0.47,0.024,0,1,0,0,0,0,3,0,3,,,,93.5,188,184,0,,0,0,0,,,0.8365,6.418,244,9,244,1 cup,
01055,"CREAM,SOUR,,80.14,135,2.94,12,0.66,4.26,0,207,125,422,10,95,129,1.18,0.01,0.016,0.003,2,0,0,0,0,0,0,11,0,11,11,,,372,102,100,0,,0,0,0,,,0.999,3.466,244,0,244,1 cup,
01056,"CREAM,SOUR,,193,2.07,19.73,0.85,2.88,0,,0.560000002,16.5,10,161,141,80,364,0.03,0.011,0.004,0,0,1,0,0,0.04,0.04,0,7,7,,,,162,160,0,,0,0,0,,1.8,11.507,1.431,0.84,9,244,1,1 fl oz,1
01057,"MILK,NONFAT,,3.81,7.48,0.8,13.54,0,8.409999847,130,0.05,13,10,490,54,303,1.18,548,2,0,2,0.19,0.105,0,0,0,0,5,1,16,,,,45,0,,0,0,0,,,4.443,2.233,0.999,0,244,1,1 cup,1 cup,0
01058,"SOUR dring,NON-BUTTERFAT,,74.79,27.095,3.25,16.57,0.71,4.68,0,0.25,261,806,10,87,162,1.18,3.19,0.01,0.002,2,0,0,0,0,0,0,12,0,12,12,15,,10,3,3,0,0,0,0,0,,,0.8365,1.958,244,1 cup,244,1 cup,980
01059,"MILK,FILLED,,87.67,63,3.33,3.46,0.8,4.74,0,103,11,422,13,97,139,161,0.01,0.01,0.002,2,0,0.03,0,0,0,0,5,0,5,5,,,7,2,2,,,,,,,,0.999,1.783,,2,244,1 cup,30
01060,"MILK,FILLED,,87.73,63,3.33,3.4,0.8,4.74,0,0,11,806,13,97,139,1.18,0.01,0.01,0.002,2,0,0.03,0,0,0,0,5,0,5,5,15,,7,2,2,0,0,0,0,0,,,0.999,0.1,244,2,244,1 cup,30
01067,"CREAM SUB,lie,,136,1,9.97,0.38,1,0,,103,0.39,7,526,191,79,1.18,0.01,,1.1,0,0,0,0,0,0,0,0,0,0,0,0,,1,0,0,0,0,0,0,,2.5,1.937,1.431,0.027,0,1 cup,1,1 cup,1
01068,"CREAM SUB,lie,,136,1,9.97,0.38,1,0,,0.25,16.5,10,161,191,79,0.03,0.016,330,2,0,0,0,0,0,0,0,0,0,0,,0,,4,0,,,,,,,,9.304,1.431,0.003,0,246,1,1 fl oz,1
01069,"CHEESE,RED FAT,,4.79,35.48,2.64,4.97,0,3.5499999525,22,0.03,5,19,161,181,102,1.18,0.017,14.5,0,0,0.165,0,0,0,0,0,0,0,0,0,,,0,0,,0,0,0,,,0.7835000000000001,0.968,0.999,0,244,1,2,1 top,0
01070,"DESSERT TOPPING,FRUIT,,4.9,39.92,1.17,4.97,0,3.5499999525,17,0.03,7,806,10,122,968,0.01,0.017,2,0,0,0,0,0,0,0,0,0,0,0,0,,,0,0,,0,0,0,,,0.7835000000000001,0.6,0.43,0,244,1,980,1 fly oz,
01071,"DESSERT TOPPING,per,,188,3.6,12.41,0.81,1,0,,0.560000002,16.5,10,86,151,66,0.03,0.016,330,2,0,0.027,0.03,0,0,0.04,0.04,0,4,4,,,,23,21,0,,0,0,0,,2.7,10.684,1.431,0.201,0,244,1,1 fl oz,1
01072,"DESSERT TOPPING,FRUIT,,0.98,22.3,0.28,16.07,0,1.145,5,0.03,23,10,526,62,968,0.024,,2,0,0,0,0,0,0,0,0,0,0,0,0,,,0,0,,0,0,0,,,0.7835000000000001,1.927,0.43,0,244,1,980,1 top,0
01073,"DESSERT TOPPING,SEMI SOLID,,54.255,1.25,25.31,0.18,1,0,,0.25,16.5,806,526,18,25,0.03,0.03,,2,0,0,0,0,0,0,0,0,0,0,0,0,,7,0,0,,0,0,0,,1.1,2.635,1.431,0.523,0,244,1,1 fl oz,1
01074,"SOUR cry,limit,,208,2.4,19.52,0.3,6.63,0,1002,103,0.39,7,526,161,102,1.18,0.01,,0.002,0,0,0,0,0,0,0,0,0,0,0,0,0,0,0,0,0,0,0,0,,,17.791,1.431,0.056,0,244,1,1 cup,1
01075,"MILK,NONFAT,,1.75,3.41,0.5,6.16,0,6.159999847,33,0.39,10,806,161,78,303,0.01,548,,0,0,0.088,0,0,0,0,0,0,0,,0,0,0,0,0,0,0,0,0,,,0.767,1.998,0.999,0,244,1,1 cup,1 cup,0
01076,"MILK,FLUID,,61,1.75,3.41,0.5,6.16,0,,101,13,13,161,114,78,1.18,0.01,0.003,0.01,0,0.04,0.03,0,0,0,0,0,0,0,,0,0,0,0,,,,,,,,3.037,0.999,0.008,0,244,1,1 cup,1
01077,"MILK,who,,60,3.22,3.25,0.69,4.52,0,,0.560000002,0.39,10,161,143,40,1.18,0.011,0.003,1.1,0,0,0.03,0,0,0,0.04,0,5,5,,,,28,28,0,5,0,0,0,,0.2,1.865,0.999,0.195,0,244,1,1 cup,1
01078,"MILK,PRODUCER,,87.69,64,3.28,3.66,0.72,4.65,0,103,125,422,13,93,151,161,0.01,0.01,0.004,2,0,0,0,0,0,0,5,0,5,5,,,138,33,31,,,,,,,,0.999,1.057,,0,244,1 cup,30
01079,"MILK,RED FAT,,2,89.33,50,3.3,1.97,0.71,,0,0.39,806,86,11,94,1.18,0.03,,0.002,0.003,0.039,0,0,0,0,0,0,5,0,5,5,16,0,189,55,0,0,0,0,0,0,,1.431,1.257,244,1 cup,976,1 cup,1
01080,"MILK,RED FAT,,2,88.86,51,3.48,1.92,0.77,,0,905,806,161,14,100,161,0.03,,0.002,0.002,0.039,0.088,0,0,0,0,,5,0,5,5,,685,204,56,0,,,,,,,1.431,1.195,244,1 cup,976,1 cup,1
01081,"MILK,RED FAT,,2,PROT FORT,6.81,4.11,3.95,1.98,,351,0,422,86,191,16,1.18,0.03,0.08,,0.002,0.002,0.088,0,0.045,0,0,0,0,6,0,,,,204,5,0,,0,0,0,0,0,0.999,0.1,244,1 cup,1 cup,1 cup,
01082,"MILK,LOWFAT,,1,89.92,42,3.37,0.97,0.75,,0,0.39,806,86,11,95,1.18,0.03,,0.01,0.003,0.039,0,0,0,0,0,,5,0,5,5,18,0,196,58,0,0,0,0,0,0,0.01,0.1,0.633,244,1 cup,976,1 cup,1
01083,"MILK,LOWFAT,,1,89.81,43,3.48,0.97,0.77,,0,905,806,161,14,100,161,0.03,,0.01,0.002,0.039,0.088,0,0,0,0,,5,0,5,5,,685,204,59,0,,,,,,,1.431,0.604,244,1 cup,976,1 cup,1
01084,"MILK,LOWFAT,,1,PROT FORT,6.81,4.11,3.93,1.17,1002,0.25,0,806,490,1010,16,161,0.03,0.08,,0,0.002,0.088,0,0.045,0,0,0,3,6,0,,,,204,203,0,0,,,,,,0.999,,,1 cup,1 cup,"1 cup,
01085,"MILK,NONFAT,,90.84,34,3.37,0.08,0.75,4.96,0,103,11,422,11,101,156,1.18,0.01,0.013,0.003,0.024,0,0.03,0,0,0,0,5,0,5,5,16,,204,61,61,0,0,0,0,0,0.01,0,0.999,0.021,244,2,245,1 cup,31
01086,"MILK,NONFAT,,90.38,37,3.57,0.25,0.78,5.02,0,103,11,422,86,104,171,1.18,0.01,0.011,0.002,2,0.039,0.041,0,0,0,0,5,0,5,5,16,,203,61,61,0,0,0,0,0,0,0,0.999,0.065,244,2,245,1 cup,31
01087,"MILK,NONFAT,,COMM,89.36,41,3.96,0.25,0.87,,0,905,806,161,16,112,161,0.03,,0.011,0.002,0.039,0,0,0,0,0,,6,0,,,,,203,61,0,,,,,,,1.431,0.162,,1 cup,2,1 cup,1
01088,"MILK,BTTRMLK,,COMM,90.13,40,3.31,0.88,0.89,,0,0.39,806,86,11,89,1.18,0.03,,0.011,0.002,0.039,0.088,0,0,0,0,0,5,0,5,5,16,685,26,7,0,0,0,0,0,0,,0.1,0.548,244,1 cup,976,1 cup,1
01089,"MILK,LOW SODIUM,,61,3.1,3.46,0.78,4.46,0,,0.560000002,0.39,10,86,253,3,1.18,0.01,0.004,2,0,0.02,0.105,0,0,0,0.04,0,5,5,16,0,,28,28,0,,0,0,0,,0.2,2.154,0.999,0.128,0,244,1,1 cup,1
01090,"MILK,DRY,,54.255,26.32,26.71,6.08,4.97,0,,0.560000002,0.39,109,86,161,371,1.18,,,0.004,0,0.039,0.279,0.105,0.3935,0.053,0.04,0,8,8,16,,18,257,253,0,2,0,0,0,,1.8,16.742,0.43,0.665,9,244,1,1 cup,.25
01091,"MILK,DRY,,COMM,3.16,6.81,4.11,0.77,7.93,,0,13,19,161,137,89,161,0.03,14.5,0.041,0.02,0.039,0,0.039,0.279,0.105,0,,10,0,10,10,16,469,22,6,0,0,0,0,0,0,0,0.1,0.499,244,1 cup,976,980,1
01092,"MILK,DRY,,COMM,3.96,6.81,4.11,0.72,8.03,,0,13,19,161,137,89,161,0.03,14.5,0.041,0.02,0.039,0,0.039,0.279,0.105,0,,10,0,10,10,16,469,26,107,0,0,0,0,0,0,0.01,0,0.467,,1 cup,976,980,1
01093,"MILK,DRY,,4.9,27.095,35.5,0.2,7.6,4.97,0,0.25,11,222,161,141,161,158,0.03,0.016,0,0.024,0,0.03,,0.105,0,0,10,0,10,10,,,8,2,1,0,,0,,,,,1.431,0.058,,2,976,1 oz,980
01094,"MILK,BUTTERMILK,,54.255,34.3,5.78,7.95,4.97,0,,0.560000002,11,422,86,161,89,0.03,,0.001,0.004,0,0.039,0.279,0.105,0.3935,0.053,0.04,0,10,10,16,,,49,48,0,0,0,0,0,,0.4,3.598,1.431,0.215,1.7069999999999999,1 cup,1,1 fl oz,1
01095,"MILK,and,,27.16,27.095,7.91,8.7,1.83,4.97,0,0.25,11,222,161,253,371,1.18,548,0.01,0.006,0.024,0,0.041,0,0,0,0,11,0,11,11,16,,267,74,73,0,,0,0,0,,,0.43,2.427,,0,244,1 cup,980
01096,"MILK,and,,74.04,134,6.81,7.56,1.55,10.04,0,207,11,422,24,203,303,1.18,,0.016,0.006,0.002,0,1,0,0,0,0,8,0,8,8,,,233,65,64,0,,0,0,0,,,0.999,2.335,,0,244,1 cup,
01097,"MILK,and,,79.4,78,7.55,0.2,1.5,11.35,0,103,11,422,161,195,332,161,0.002,0.016,0.006,2.5,0,1,0,0,0,0,9,0,9,,,,394,118,118,0,0,0,0,0,0,0,0.43,0.062,244,1 cup,244,1 cup,
01102,"MILK,CHOC,,COMM,82.3,6.81,3.17,3.39,0.8,,0,0.39,806,86,13,101,1.18,0.03,,0.01,0,0.039,0,0,0,0,0,,5,0,5,5,,685,95,26,0,0,0,0,0,0,0.06,0.113,2.104,244,1 cup,0,1 cup,1
01103,"MILK,CHOC,,COMM,82.17,6.81,2.99,1.9,0.81,,0,0.39,806,86,14,102,1.18,0.03,,0.01,0,0.039,0,0,0,0,0,,2,0,,,,,227,64,0,0,0,0,0,0,0.04,1.431,1.177,,1 cup,976,980,1
01104,"MILK,CHOC,,COMM,84.5,6.81,3.24,1,0.82,,0,0.39,806,86,13,103,1.18,0.03,,,0.003,0.039,0,0,0,0,0,,5,0,5,5,,,196,58,0,0,0,0,0,0,0.02,0.1,0.616,244,1 cup,0,1 cup,1
01105,"MILK,CHOC BEV,,82.57,77,3.52,2.33,0.65,10.63,0,103,125,422,86,105,197,1.18,0.01,0.01,0.47,2,0,0.034,0,0,0,0,5,0,5,5,,,175,51,51,0,0,0,0,0,,0.2,0.999,0.677,244,1 cup,976,1 cup,31
01106,"MILK,GOAT,,69,3.56,4.14,0.82,4.45,0,,0.560000002,0.39,422,526,204,50,161,0.01,,2,0,0.048,0.03,0,0,0,0.04,0,1,1,16,,,57,56,0,,0,0,0,,0.3,2.667,0.999,0.149,0,244,1,1 cup,1
01107,"MILK,HUMAN,,87.5,70,1.03,4.38,0.2,6.89,0,207,125,422,7,14,51,1.18,0.01,0.01,0.003,2,0,0.03,0,0,0,0,5,0,5,5,16,,212,61,60,0,,0,0,0,,0.3,0.999,1.658,244,0,246,1 cup,31
01108,"MILK,INDIAN BUFFALO,,97,3.75,6.89,0.79,5.18,0,,0.560000002,13,13,161,178,52,1.18,0.01,0.003,2,0,0.04,0.03,0,0,0,0.04,0,6,6,,,,53,53,,,,,,,,4.597,0.999,0.146,0,244,1,1 cup,1
01109,"MILK,SHEEP,,108,5.98,7,0.96,5.36,0,,0.560000002,13,13,161,137,44,1.18,0.01,0.003,1.1,0,0.04,0.03,0.105,0,0,0.04,0,7,7,,,,44,44,,,,,,,,4.603,0.999,0.308,0,1 cup,1,1 cup,1
01110,"CREAM SUB,FRUIT,,3.05,2.7,0.9,21.15,0,3.5499999525,132,101,125,13,526,111,968,0.01,0.003,,0,0.011,0.222,0.03,0,0.04,0,0,5,5,,,,18,18,0,4,0,0,0,,,1.681,0.78,0.1,0,244,1,980,1 fly oz,
01111,"CREAM SUB,FRUIT,,3.86,3.03,0.91,17.75,0,1.145,146,0.03,125,13,526,95,968,0.01,,,0,0.011,0.195,0.03,0,0.04,0,0,7,7,,,,,25,0,5,0,0,0,,,1.886,0.875,0.43,0,244,1,980,1 fly oz,
01112,"WHEY,ACID,,24,0.76,0.09,0.61,5.12,0,,0.560000002,0.39,10,161,143,48,1.18,0.01,,1.1,0,0.04,0,0,0,0,0.04,0,2,2,16,,,2,2,0,0,0,0,0,0,0,0.057,0.999,0.004,0,246,1,1 cup,1
01113,"WHEY,ACID,,54.255,11.73,0.54,1.55,4.97,0,,0.560000002,16.5,422,161,161,89,1.18,0.03,,0.004,0,0.039,0.279,0.105,0.3935,0.053,0.04,0,10,0,16,,,17,17,0,1,0,0,0,0,0,0.342,0.43,0.021,6,227,1,1 cup,1
01114,"WHEY,SWEET,,27,0.85,0.36,0.53,5.14,0,,0.560000002,0.39,806,161,161,54,1.18,0.01,0.001,0.002,0,0.04,0,0,0,0,0.04,0,1,1,16,,,3,3,0,1,0,0,0,0,0,0.23,0.1,0.011,244,246,1,1 cup,1
01115,"WHEY,SWEET,,54.255,12.93,1.07,8.35,4.97,0,,0.560000002,13,806,86,161,89,161,0.03,0.011,0.004,0,0.039,0.279,0.105,0.3935,0.053,0.04,0,12,12,16,,,8,8,0,2,0,0,0,,0.1,0.684,1.431,0.034,6,1 cup,1,1 fl oz,1
01116,"YOGURT,plan,,87.9,61,3.47,3.25,0.72,4.66,0,0.25,261,422,12,95,155,1.18,3.19,0.01,0.004,1.1,0,1,0,0,0,0,7,0,7,7,15,,99,27,27,0,0,0,0,0,0.06,0.2,0.999,0.893,244,0,245,"1 cup,980
01117,"YOGURT,plan,,85.07,63,5.25,1.55,1.09,7.04,0,0.25,11,422,10,144,234,1.18,3.19,0.013,0.004,2.5,0,0,0,0,0,0,11,0,11,11,15,,51,14,14,0,0,0,0,0,,0.2,0.999,0.426,244,6,245,"1 cup,980
01118,"YOGURT,plan,,85.23,56,5.73,0.18,1.18,7.68,0,0.25,11,422,161,157,255,1.18,3.19,0.01,2.5,2.5,0,1,0,0,0,0,12,0,12,12,15,0,7,2,2,0,0,0,0,0,0,0.2,0.999,0.049,244,2,245,"1 cup,980
01119,"YOGURT,VANILLA,,79,85,4.93,1.25,1.02,1.145,0,0.25,11,222,16,135,219,1.18,3.19,0.013,0.004,2.5,0,0,0,0,0,0,11,0,11,11,15,,43,12,12,0,0,0,0,0,0.02,0.1,0.999,0.343,244,1 cup,245,"1 cup,980
01120,"YOGURT,FRUIT,,75.3,99,3.98,1.15,0.93,1.145,0,0.25,11,222,13,109,177,1.18,3.19,0.01,0.003,0.024,0,0.034,0,0,0,0,9,0,9,0,15,,40,11,11,0,0,0,0,0,0.02,0.1,0.999,0.316,244,1 cup,245,"1 cup,980
01121,"YOGURT,FRUIT,,74.48,102,4.37,1.08,1.02,1.145,0,0.25,11,222,161,119,195,1.18,3.19,,0.003,0.024,0,1,0,0,0,0,9,0,9,0,,,36,10,10,0,0,0,0,0,0.02,0.1,0.999,0.297,244,1 cup,245,"1 cup,980
01122,"YOGURT,FRUIT,,74.1,105,4.86,1.41,1.03,1.145,0,0.25,11,422,16,133,216,161,3.19,,2.5,0.024,0,0.041,0,0.105,0,0,10,0,10,10,,,60,0.43,,,,,,,,,0.999,0.387,,6,227,"1 container,976
01123,"EGG,WHOLE,,75.84,143,12.58,9.94,0.86,0.77,0,0.25,91,222,12,191,134,161,3.19,0.01,2.5,0.024,0,0,0,0.053,0,0,10,0,10,10,16,,487,140,139,0,,0,0,0,,0.3,0.999,3.81,,31,976,"1 cup,976
01124,"EGG,WHITE,,87.57,48,10.9,0.17,0.63,0.73,0,0.25,7,422,11,15,163,161,0.03,0.01,0.011,1.1,0,0,0,0.105,0,0,5,0,4,0,,,0,0,0,0,0,0,0,0,0,0,0,0,0,0,976,1 cup,976
01125,"EGG,YOLK,,52.31,27.095,15.86,26.54,1.71,3.59,0,0.25,11,422,16,390,109,161,3.19,0.01,0.003,0.024,0,0,0,0.053,0,0,10,0,10,10,16,,93.5,381,9,0,,0,0,0,0.23,0.7,0.8365,11.738,,31,976,1 cup,980
01126,"EGG,YOLK,,56.2,27.095,15.5,25.6,1.55,1.15,0,0.25,11,422,523,417,118,161,0.03,330,0.062,0.024,0,0,0,0.045,0,0,10,0,10,10,16,,93.5,26,9,0,,0,0,0,0.23,0.7,0.999,9.747,,31,227,"1 package,980
01127,"EGG,YOLK,,2% MILKFAT,51.25,6.81,13.8,1,1.4,,0,13,126,161,10,384,161,0.03,0.43,0.45,0.003,0.039,0,0.039,0.08499999999999999,10,5,,10,0,10,10,,,26,9,0,,,0,,,,,6.97,,1 cup,31,980,.5
01128,"EGG,who,,69.13,27.095,13.63,15.31,1.05,0.88,0,0.25,91,422,13,208,147,161,,0.01,0.003,0.024,0,0,0,0.053,0,0,10,0,10,10,16,,93.5,198,193,0,,0,0,0,,,0.999,6.346,,31,976,"1 container,980
01129,"EGG,who,,74.62,155,12.58,10.61,1.08,1.12,0,0.25,2,422,10,172,126,161,3.19,0.013,0.003,0.024,0,0,0,0.053,0,0,10,0,10,10,16,,586,169,168,0,0,0,0,0,,0.3,0.999,4.077,,31,227,"1 cup,976
01130,"EGG,WHOLE,,75.87,157,10.59,12.03,0.84,0.68,0,0.25,91,422,10,162,114,161,3.19,0.01,0.003,0.024,0,0,0,0.053,0,0,12,0,10,12,16,,572,155,152,0,,0,0,0,,,0.999,4.971,,31,227,1 top,980
01131,"EGG,who,,75.54,142,12.53,9.9,1.26,0.76,0,0.25,91,422,12,190,133,161,3.19,0.013,0.003,0.024,0,1,0,0.053,0,0,10,0,10,12,16,,485,139,138,0,,0,0,0,,0.3,0.43,3.795,,31,227,"1 container,980
01132,"EGG,who,,73.15,167,11.09,12.21,1.36,2.2,0,207,125,422,12,170,138,1.18,,0.013,0.003,0.024,0,0,0,0,0,0,12,0,10,12,16,,526,143,140,0,,0,0,0,,,0.43,4.768,,31,227,1 cup,
01133,"EGG,WHOLE,,54.255,47.35,40.95,3.65,4.95,0,,0.560000002,11,5,86,161,89,364,0.03,0.017,0.004,0,0.039,0.279,,0.3935,0.053,0.04,0,10,10,16,,18,275,270,0,,0,0,0,,,12.727,0.8365,0.546,,1 cup,1,1 fl oz,1
01134,"EGG,who,,COMM,1.87,6.81,4.11,1,3.63,,0,13,422,161,10,89,161,0.03,14.5,0,0,0.039,0,0.039,0.279,0,0,,10,0,10,10,,525,26,107,0,,,0,,,,0.999,13.198,,1 cup,31,980,1
01135,"EGG,WHITE,,COMM,14.62,6.81,11.47,0.04,4.25,,0,13,422,161,14,83,161,0.03,,0.002,0.002,0.039,0,0,0.279,0.105,0,10,10,0,10,10,,685,0,0,0,0,0,0,0,0,0,0,0,0,0,0,"1 cup,.5
01136,"EGG,WHITE,,COMM,8.54,6.81,11.47,0.04,4.55,,0,13,422,161,14,89,161,0.03,0.01,0.002,0.002,0.039,0,0,0.279,0.105,0,10,10,0,10,10,,685,0,0,0,0,0,0,0,0,0,0,0,0,0,0,"1 cup,1
01137,"EGG,YOLK,,54.255,34.25,6.81,3.4,3.6,0,0,0.560000002,11,13,86,244,135,158,,0.004,0.004,0,0.039,0.279,0.021,0.3935,0.053,0.04,0,10,10,16,414,18,417,395,0,0,0,0,0,,2.55,17.154,2.36,0.546,227,227,1,227,1
01138,"EGG,DUCK,,COMM,70.83,6.81,12.81,1,1.14,,0,0.39,126,161,7,220,1.18,0.03,,0.062,0.038,0.039,0,0.039,0,0,0,,10,0,10,10,16,,26,194,0,0,,0,0,0,,2.36,3.681,,1 cup,31,980,1
01139,"EGG,GOOSE,,COMM,70.43,6.81,13.87,1,1.08,,0,125,126,161,16,208,1.18,0.03,,0.062,0.038,0.039,0,0.039,0,0,0,,10,0,10,10,16,,26,187,0,0,,0,0,0,,2.36,3.595,,1 cup,31,980,1
01140,"EGG,QUAIL,,COMM,74.35,6.81,13.05,1,1.1,,0,11,422,161,13,226,1.18,0.03,,0.062,0.038,0.039,0,0.039,0.08499999999999999,0,0,,10,0,10,10,16,,26,156,0,0,0,0,0,0,,0.999,3.557,,1 cup,31,980,1
01141,"EGG,TURKEY,,COMM,72.5,6.81,13.68,1,0.79,,0,905,422,161,13,170,161,0.03,,0.062,0.038,0.039,0,0,0.08499999999999999,0,0,,10,0,10,10,,,26,166,0,,,,,,,2.36,3.632,,1 cup,31,980,1
01142,"DESSERT TOPPING,FRUIT,,11.29,11.11,1.3,3.2,0,3.200000048,73,0.25,23,10,526,199,968,161,,11.3,0,0,0.386,1,0.3935,0.04,0,0,9,12,,,,,0,0,,0,0,0,,,1.93,2.435,0.546,2,,1,976,1 cup,0
01143,"DESSERT TOPPING,WHOLE,,12,3.31,1.3,0.64,0,0.639999986,53,0.25,125,13,526,177,968,161,,3.1,0,0,0.3,1,0.3935,0,0,0,9,5,,,,18,0,0,13,0,0,0,,,0.659,0.896,0.43,0,244,1,976,1 top,0
01144,"CHEESE,PAST PROCESS,,11.47,13,5.84,21.8,0,3.5499999525,326,0.25,125,19,161,141,966,0.03,0.01,11.3,0,0.039,0.279,0.105,0.3935,0.045,0.26,0,10,10,16,,15,0,369,0,0,0,0,0,,,3.766,5.341,0.43,0.85,,1,976,1 top,0
01145,"MILK,RED FAT,,0.85,12,0.04,0.06,0,0.059999999,24,0.11,0.39,806,24,11,102,0.016,0.004,3.1,0,2,0.034,1,0,0,0,0,3,3,19,,414,107,89,0,13,0,0,0,,,4.591,3.5685000000000002,0.546,9,227,1,1 cup,1 top,0
01146,"CHEESE,PARMESAN,,54.255,37.86,27.34,6.39,3.41,0,,0.560000002,13,5,86,97,158,0.041,0.017,,0.004,0,0.041,0.086,0.638,0.08499999999999999,0.045,0.04,0,8,8,,,18,122,108,,,,,,,,17.37,0.8365,0.661,6,132,1,1 fl oz,1
01147,"CHEESE,PAST PROCESS,,39.16,27.095,22.15,4.11,5.84,1.6,0,0.25,11,422,373,444,162,1.97,0.03,0.03,0.003,0.024,0,0.027,0,0,10,0,8,0,8,8,,,93.5,254,247,0,,0,0,0,0.27,2.7,0.8365,8.951,,1 cup,976,1 oz,976
01148,"CHEESE,PAST PROCESS,,42.31,27.095,24.73,25.01,5.85,2.1,0,0.39,11,422,29,540,216,1.97,0.03,0.003,0,0.024,0,0.105,,0,10,0,6,0,6,,,,93.5,225,221,,,,,,0.01,,0.8365,7.046,,9,246,1 oz,976
01149,"CHEESE fed,PAST PROCESS,,43.15,27.095,19.61,24.6,5.35,7.29,0,0.25,11,422,11,141,279,158,0.03,0.03,0.01,0.024,0,0.105,,0,0,0,7,0,7,7,,,93.5,201,196,0,,,,,,,0.8365,7.206,,6,976,1 oz,
01150,"CHEESE sped,PAST PROCESS,,47.65,27.095,16.41,21.23,5.98,8.73,0,0.25,11,422,29,141,242,158,,0.03,0.062,0.024,0,0.105,,0,0,0,7,0,7,7,414,,93.5,119,9,0,,,,,,,0.8365,6.219,,6,976,1 oz,976
01151,"MILK,NONFAT,,90.8,35,3.41,0.18,0.76,4.85,0,103,261,422,11,101,166,161,0.38,0.011,0.002,1.1,0.039,0,0,0,0,0,5,0,5,5,,,7,2,2,,,,,,0.04,,0.999,0.047,,2,245,1 cup,30
01152,"MILK,RED FAT,,2,PROT FORT,6.81,4.11,3.95,1.98,,0.25,0,806,161,576,15,161,0.03,0.08,0.47,0,0.002,0.088,0,0.045,0,0,,,5,0,5,,685,,75,0,0,,,,,,0.999,,,1 cup,1 cup,"1 cup,
01153,"MILK,and,,74.04,134,6.81,7.56,1.55,10.04,0,0.25,11,422,24,203,303,161,3.19,0.016,0.006,0.002,0,1,,0.053,0,0,8,0,8,8,,,397,0.43,,,,,,,,,0.43,2.335,,1 cup,246,1 fl oz,976
01154,"MILK,DRY,,COMM,3.16,6.81,4.11,0.77,7.93,,0,13,19,161,137,89,161,0.03,14.5,0.041,0.02,0.039,0,0.039,0.279,0.105,0,,10,0,10,10,16,,26,107,0,0,0,0,0,0,0,0.1,0.499,,1 cup,976,980,1
01155,"MILK,DRY,,COMM,3.96,6.81,4.11,0.72,8.03,,0,13,19,161,45,89,161,0.03,14.5,0.041,0.02,0.039,0,0.039,0.279,0.105,0,,10,0,10,10,,469,15,4,4,0,0,0,0,0,0.01,0,0.47,,1 cup,976,980,1
01156,"CHEESE,GOAT,,54.255,30.52,35.59,3.72,2.17,0,0,0.560000002,11,7,86,48,346,161,0.03,0.017,0.004,0,0.039,0.279,0.105,0.141,0.045,0.04,0,4,4,15,,18,486,26,0,,0,0,0,,2.19,2.635,,0.845,105,1 cup,1,227,1
01157,"CHEESE,GOAT,,54.255,21.58,29.84,2.94,2.54,0,0,0.560000002,11,0.05,161,158,89,161,0.03,0.004,0.004,0,0,0.088,0.105,0.141,0.045,0.04,0,2,2,15,,18,407,26,0,,0,0,0,,2.5,20.639,0.43,0.709,9,1 cup,1,1 fl oz,1
01159,"CHEESE,GOAT,,54.255,18.52,21.08,1.58,0.89,0,,0.560000002,16.5,0.05,161,26,368,161,0.03,0.003,0.004,0,0,1,0.105,0.08499999999999999,0.053,0.04,0,12,12,15,,18,288,283,0,,0,0,0,,1.8,14.575,1.431,0.501,9,1 cup,1,1 fl oz,1
01160,"EGG,YOLK,,2% MILKFAT,50.8,6.81,14,1,1.55,,0,13,126,161,10,431,161,0.03,0.43,0.041,0.008,0.039,0,0.039,0.045,0.04,0.356,,10,0,10,10,,,26,9,0,,,0,,,,,7.028,,1 cup,31,980,.5
01161,"CHEESE,PAST PROCESS,,11.47,12.22,5.27,23.67,0,3.5499999525,4.454999923500001,0.11,5,19,161,141,966,0.03,0.008,14.5,0,0,0.444,0,0.065,0.045,0.26,0,11,11,5,,15,,437,0,0,0,0,0,,,3.711,6.243,0.43,0,,1,980,1 quart,1
01163,"CHEESE,WHOLE,,14.23,13.47,1.85,3.77,0,,4.454999923500001,0.39,16.5,10,463,132,968,0.03,0.003,14.5,0,0.017,0.196,1,,0.045,8,0,5,11,,,414,,107,,,,,,,,8.721,3.563,0.43,0.85,246,1,980,1 fly oz,0
01164,"MILK,NONFAT,,10.33,14.92,2.41,5.48,0,,311,0,125,422,161,493,1280,0.019,548,14.5,0,0,0.243,1,,0.045,0.26,0,8,11,,,,,163,,,,,,,,8.034,4.735,0.999,9,,1,1 cup,980,0
01165,"CHEESE,MEXICAN,,54.255,21.44,29.98,5.89,4.63,0,,0.560000002,11,806,86,87,89,161,,0.003,0.004,0,0.02,1,,0,0.045,0.04,0,1,1,15,,,54,54,0,4,0,0,0,,2.5,19.033,0.43,0.901,105,132,1,1 fl oz,1
01166,"CHEESE,MEXICAN,,54.255,22.6,28.26,4.11,2.87,0,,0.560000002,11,422,86,86,89,161,,0.003,0.004,0,0.021,1,,0,0.045,0.04,0,8,8,15,,,55,55,0,4,0,0,0,,,17.939,1.431,0.85,105,132,1,1 fl oz,1
01167,"CHEESE,MEXICAN,,54.255,21.56,29.68,4.06,5.56,0,661,0.560000002,11,422,86,52,89,161,,0.003,0.004,0,0,1,,0.279,0.045,0.04,0,2,2,15,,,56,56,0,4,0,0,0,,2.5,18.843,1.431,0.892,105,132,1,1 fl oz,1
01168,"CHEESE,loft,,173,24.35,7,3.64,1.91,0,661,0.560000002,11,422,86,66,89,161,,,0.004,0,0,1,,0.141,0.045,0.04,0,11,11,15,,,60,60,0,4,0,0,0,,,4.342,1.431,0.222,0,132,1,1 fl oz,1
01169,"CHEESE,LOW-SODIUM,,54.255,24.35,32.62,2.13,1.91,0,,0.560000002,16.5,0.05,86,112,21,1.18,,0.011,0.004,0,0.021,0.03,0.039,0.141,0.045,0.04,0,18,,15,,18,264,257,0,,0,0,0,,2.7,20.768,0.8365,0.972,9,132,1,1 fl oz,1
01171,"EGG,WHOLE,,75.85,148,11.95,10.2,0.95,1.05,0,0.25,905,422,11,202,130,161,3.19,0.01,0.003,0.024,0,0,0,0.053,0,0,10,0,10,10,,,525,158,158,,,,,,,,0.999,3.886,,31,227,"1 container,976
01172,"EGG,WHITE,,88.55,47,9.8,0,0.6,1.05,0,0.25,7,422,10,13,136,158,3.19,,2.5,1.1,0,0,0,0.053,0,0,3,0,3,,,,0,0,0,,,,,,,,0,0,0,0,246,1 cup,976
01173,"EGG,WHITE,,54.255,11.47,0,5.3,7.8,0,,0.560000002,11,806,161,161,89,0.041,123,,0.004,0,0.005,0.279,0.105,0.08499999999999999,0,0.04,0,18,,,,0,0,0,0,0,0,0,0,0,0,0,0,0,0,1 cup,1,1 fl oz,1
01178,"DESSERT TOPPING,WHOLE,,7,14.1,0.9,7,0,0.300000012,141,0,11,10,526,70,968,0.01,0.003,3.7,0,0.04,0.24,1,,0,0.26,0,11,11,19,,,,117,0,,0,0,0,,,8.7,4.1,0.43,0,244,1,976,1 fly oz,0
01179,"DESSERT TOPPING,WHOLE,,3.5,10.6,0.7,7.1,0,0.219999999,141,0,10,10,526,71,968,0.016,0.003,3.1,0,0.04,0.12,1,,0,0.26,0,11,11,19,,,,88,0,,0,0,0,,,6.6,3.1,0.43,0,244,1,976,1 fly oz,0
01180,"DESSERT TOPPING,FRUIT,,3.1,0,0.7,15.6,0,0.389999986,125,0.05,10,13,526,141,968,0.016,0.003,3.7,0,0.04,0.15,0,,0,0.26,0,11,11,19,,,,72,0,9,0,0,0,0,0,0,0,0,9,244,1,976,1 fly oz,0
01182,"MILK,cos,,48.2,27.095,27.2,18.3,4.3,2,0,0.25,11,422,7,583,93,1.97,0.03,0.021,0.003,0.024,0,0.03,,0,10,0,20,0,,,15,,633,150,142,0,,0,0,0,0.01,,0.8365,5.02,,9,244,1 cup,976
01184,"YOGURT,VAN OR LEM FLAV,,87.43,47,3.86,0.18,1,7.5,0,0.25,11,422,13,109,177,1.18,3.19,0.01,0.003,0.024,0,0.034,0,0,0,0,8,0,8,8,15,,0,0,0,0,0,0,0,0,0,0,0.999,0.049,,2,244,1 cup,976
01185,"CHEESE,PAST PROCESS,,40,5,6.4,4.97,0,1.5,4.454999923500001,0.25,5,19,161,141,3,0.024,,11.3,0,0,0.05,0,0.638,0.045,8,0,10,10,15,0,,,39,0,,0,0,0,,,3.11,1.446,0.43,6,,1,980,1 fly oz,0
01186,"CHEESE,CREAM,,105,15.69,1,3.77,7.66,0,,0.560000002,11,806,86,278,89,161,,0.003,0.004,0,0.04,1,,0.08499999999999999,0,0.04,0,10,4,16,,,11,10,0,0,0,0,0,,0.2,0.644,1.431,0.057,6,244,1,1 fl oz,1
01187,"YOGURT,CHOC,,108,3.53,0,1.37,1,0,,0.560000002,11,7,161,339,135,0.021,0.03,0.003,0.004,0,0.047,1,0,0,0.04,0.04,0,12,12,15,,0,0,0,0,0,0,0,0,0,0,0,0,0,0,244,1,1 fl oz,1
01188,"CHEESE,MOZZARELLA,,12,21,5.8,9.2,0,6.699999809,4.454999923500001,0.39,7,19,161,158,968,0.024,,14.5,0,0.045,0.24,0.105,0,0,0,0,,0,,,,,359,,,,,,,,13.1,0,0.999,6,68,2,976,"1 package,0
01189,"CHEESE,PAST PROCESS,,16.3,9.5,6.4,16.2,0,8.199999809,4.454999923500001,0.25,11,19,161,158,968,0.024,,14.5,0,0.045,0.33,0.105,0.638,0,10,0,,0,,,,,359,,,,,,,,6.4,0,0.999,6,68,2,976,"1 package,0
01190,"CHEESE,PAST PROCESS,,22.7,1,6.1,11.7,0,6.699999809,4.454999923500001,0.05,11,19,161,141,1280,0.024,,0.08,0,0.045,0.28,0.105,0.638,0,0,0,10,5,5,0,414,0,359,,,0,,,,,0.7,0,1.431,9,,1,980,"1 package,0
01191,"CHEESE,PAST PROCESS,,16.3,22,6,9.8,0,8.100000381,4.454999923500001,0.05,7,19,161,141,966,0.024,,14.5,0,0.045,0.35,0.105,0.638,0,0,0,5,7,5,0,15,0,,,,,,,,,14.4,0,0.999,0.85,68,1,31,"1 package,0
01192,"CHEESE,PAST PROCESS,,19.6,10.6,6.6,11.8,0,8.5,4.454999923500001,0.13,11,19,161,158,1280,0.024,,14.5,0,0.045,0.65,0.105,0.638,0,0,0,5,7,,10,15,0,240,,,,,,,,7.1,0,0.546,6,68,1,976,"1 package,0
01193,"CHEESE,WHOLE,,4.5,12,0.8,6.5,0,6.400000095,161,0,11,13,161,59,968,0.01,0.004,3.7,0,0.01,0,1,,0,0,0,10,5,,5,15,,685,,,,,,,,7.6,0,0.43,9,,2,980,1 fly oz,0
01194,"DESSERT TOPPING,WHOLE,,4.7,1.3,1.2,15.1,0,7.199999809,141,0.05,13,13,463,72,968,0.01,,3.7,0,0.017,0,1,,0,0,0,5,5,,,,,,,,,,,,,0.8,0,0.43,9,,2,976,1 fly oz,0
01195,KRAFT brewers LOWFAT STRAWBERRY YOGURT (1% MILKFAT),FRUIT,,3.8,0.8,0.7,18.2,0,1.145,125,0.39,13,13,463,52,968,0.041,,2,0,0.036,0.19,0,,0,0,0,5,12,,,,,,,,,,,,,0.5,0.079,0.43,9,227,1,976,1 fly oz,0
01196,KRAFT brewers it no lily LOWFAT STR'BERY YOGURT (1% MILKFAT),FRUIT,,3.2,0.8,0.6,21.9,0,3.5499999525,91,0.39,13,13,463,45,968,0.041,,2,0,0.036,0.14,0,,0,0,0,5,12,,,,,,,,,,,,,0.5,0.079,0.43,9,246,1,976,1 fly oz,0
01197,KRAFT brewers SMOTH&CRMY LOWFAT STR'BERY YOGURT (1% MILKFAT),FRUIT,,3.8,0.9,0.7,19.9,0,1.145,108,103,13,13,463,55,968,0.041,,2,0,0.036,0.18,0,,0,0,0,5,12,,,,,,,,,,,,,0.5,0.079,0.43,9,227,1,976,1 fly oz,0
01198,KRAFT brewers it NONFAT STR'BERY YOGURT (W/ASPRT&FRUCT swat,FRUIT,,3.4,0.2,0.6,9.9,0,7.699999809,95,0.39,13,13,463,45,968,0.041,,2,0,0.036,0.14,1,,0.045,0,0,0,12,,,,,,,,,,,,,0.1,0.079,0.43,5,227,1,976,1 fly oz,0
01199,"CREAM,HALF & HALF,,59,2.6,1.4,1,9,0,5,0.560000002,11,806,13,206,144,0.021,,,0.011,0,0,0.03,,0,0.04,0.04,0,4,4,15,,,12,12,0,3,0,0,0,,0.2,0.841,1.431,0.052,,244,1,1 fl oz,1
01200,"CHEESE,FRUIT,,3,5,0.56,25,0,1.145,108,0.03,7,13,526,72,968,0.019,0.003,2,0,0.039,0.619,0,,0,0,0,0,5,0,,,,48,0,9,0,0,0,,,2.869,1.25,0.43,0,244,1,976,1 fly oz,0
01202,"MILK,CHOC,,COMM,PROT FORT,6.81,4.11,2.99,1.9,,103,0,422,86,576,14,1.18,0.03,0.08,0.47,0.002,0.062,0.088,0,0.045,0,0,,,2,0,,,685,204,227,0,0,0,0,0,0,0,0.999,0.2,,1 cup,1 cup,"1 cup,
01203,"YOGURT,FRUIT,,74.1,105,4.86,1.41,1.03,1.145,0,0.25,11,422,16,133,194,1.18,3.19,,0.003,0.024,0,0.041,,0.105,0,0,10,0,10,10,15,,441,131,131,0,0,0,0,0,0.06,,0.999,0.387,,6,227,1 cup,980
01204,"CHEESE,PARMESAN,,50.6,27.095,20,20,8.03,1.37,0,0,11,422,7,141,125,1.97,0.03,0.03,0,0.024,0,0.105,,0,0.259,0,10,0,10,10,,,605,160,156,0,,0,0,0,0.01,1.7,0.8365,6.098,,6,246,1 cup,980
01205,"CREAM SUB,FLAV,,54.255,0.69,13.5,0.55,4.97,0,,0.25,16.5,806,13,96,80,1.18,0.01,0.017,2,0,0,0,,0,0.04,0.04,0,1,1,0,0,0,0,0,0,0,0,0,0,,,2.635,1.431,0.546,0,244,1,1 fl oz,1
01206,"CREAM SUB,FLAV,,54.255,0,21.47,0.79,4.97,0,,0.25,16.5,5,161,90,196,1.18,,0.017,2,0,0,0.027,,0,0,0.04,0,1,1,0,0,0,0,0,0,0,0,0,0,,1.1,19.446,1.431,0.229,0,244,1,1 fl oz,1
01208,"CHEESE,PROVOLONE,,54.255,24.7,17.6,3.6,3.5,0,,0.560000002,11,422,86,138,89,161,,0.01,0.004,0,0,1,,0.08499999999999999,0.045,0.04,0,10,10,,,,141,137,0,,0,0,0,,,11.3,1.431,0.51,6,132,1,1 fl oz,1
01209,"CHEESE,MEXICAN,,48.2,27.095,24.69,19.4,4.3,3.41,0,0.25,11,422,7,583,93,1.97,0.03,0.021,0.003,0.024,0,0.03,,0,10,0,20,0,,,,,586,155,151,0,,0,0,0,0.01,,0.8365,5.02,,9,976,1 cup,980
01210,"CHEESE,MOZZARELLA,,35.6,34.5,3.15,23.97,0,2.460000038,171,0.25,11,19,526,576,968,0.021,0.003,11.3,0,0.039,0.279,1,0.3935,0.045,0.26,0,10,10,16,,,,116,0,0,0,0,,,,10.305,13.745,0.546,0.85,227,1,980,1 fly oz,0
1111,"MILK,NONFAT,,6.09,8.69,4.65,4.97,0,,4.454999923500001,0.25,125,806,161,77,966,0.03,0.017,14.5,0,0,0.063,0.105,,0.404,0,0,5,0,,0,,,0,,,,,,,,2.55,0.66,0.546,0,,1,2,1 top,0
1111,"MILK,NONFAT,,17.6,15.9,6.95,4.97,0,,4.454999923500001,0.25,905,19,161,16,966,0.03,0.017,14.5,0,0.039,0.29,0.105,,0.053,0.26,0,10,10,,0,,16,0,,,,,,,,0.586,9.78,0.546,0,227,1,2,980,
1111,"EGG,BASIL,,54.255,14.37,3.98,1.55,4.97,0,,0.560000002,16.5,806,86,161,34,1.18,0.03,0.017,0.004,0,0.039,1,0.105,0.08499999999999999,0.053,0.04,0,10,10,16,0,,469,0,0,0,0,0,0,,1.1,0.24,0.43,2.168,0,227,1,1 cup,1
1111,"CHEESE,CND,,7.61,8.36,3.62,4.97,0,,4.454999923500001,0.25,125,806,161,23,968,0.03,0.017,,0,0,0.421,0.105,,0.053,0.26,0,10,10,,0,414,,0,,,0,,,,,2.28,1.64,0.546,0,,1,1 cup,1 quart,1
1111,"MILK,NONFAT,,19.77,14.59,5.87,4.97,0,0.639999986,4.454999923500001,0.25,0.39,19,161,17,303,0.03,0.017,14.5,0,0.039,0.379,0.105,,0.053,0.26,0,10,10,,0,,18,0,0,13,0,0,0,,0,0.62,7.125,0.546,0,244,1,2,1 top,0
1111,"MILK,FRUIT,,10.76,6.7,5.78,4.97,0,,4.454999923500001,0.25,125,422,161,18,968,0.03,0.017,14.5,0,0.039,0.182,0.105,,0,0,0,12,5,,0,0,0,0,,,,,,,,0.68,0.87,0.999,0,,1,1 cup,1 fly oz,1
1111,"MILK,NONFAT,,18.07,25.27,9.27,4.97,0,0.670000017,169,0.25,13,19,161,160,966,0.03,0.017,14.5,0,0.039,0.29,0.105,,0.053,0.26,0,10,10,,0,,,0,0,,0,0,0,,0,2.19,15.93,0.546,0,244,1,2,1 top,0
1111,"MILK,LOWFAT,,23.2,3.9,1.55,4.97,0,1.145,4.454999923500001,0.25,125,19,161,83,968,0.03,0.017,,0,0.039,0.68,0.105,0.638,0.053,0.26,0,10,10,5,0,414,,0,,,0,,,,,0.169,1.399,1.431,0,,1,1 cup,1 top,0
1111,"MILK,WHIPPED,,12.26,16.76,8.53,4.97,0,7.190000057,278,0.25,0.39,422,161,141,1280,0.03,0.017,,0,0.039,0.039,0.105,,0.053,0.26,0,10,10,16,0,414,107,0,0,13,0,0,0,,,2.953,3.574,0.546,0,,1,1 cup,1 top,0
1111,"EGG,NONFAT,,3.99,1.24,3.6,4.97,0,2.170000076,4.454999923500001,0.25,13,10,161,10,139,0.03,0.017,3.1,0,0,0.041,0.105,,0.045,0,0,6,6,,0,,,0,0,,0,0,0,,,0.345,0.246,1.431,0,244,1,1 cup,1 top,0
1111,"MILK,NONFAT,,5.98,20.07,5.88,4.97,0,2.380000114,4.454999923500001,0.25,13,806,161,243,139,0.03,0.017,14.5,0,0,0.267,0.105,,0.053,0.26,0,10,10,,0,,,0,0,,0,0,0,,,5.438,1.471,0.546,0,,1,2,1 top,0
